Date,Name,Year,Letterboxd URI
2023-04-15,Lolita,1997,https://boxd.it/1XR0
2023-04-15,The Gray Man,2022,https://boxd.it/rb7q
2023-04-15,Terminator 2: Judgment Day,1991,https://boxd.it/2aGY
2023-04-15,The Lobster,2015,https://boxd.it/7tnw
2023-04-17,2046,2004,https://boxd.it/29tu
2023-04-17,The French Dispatch,2021,https://boxd.it/jLP8
2023-04-17,Mr. Nobody,2009,https://boxd.it/1k44
2023-04-17,Reservoir Dogs,1992,https://boxd.it/2agc
2023-04-17,Split,2016,https://boxd.it/dgSy
2023-04-17,Amélie,2001,https://boxd.it/2aUc
2023-04-17,Nobody,2021,https://boxd.it/mLqS
2023-04-17,Full Metal Jacket,1987,https://boxd.it/2a1Q
2023-04-17,Eternal Sunshine of the Spotless Mind,2004,https://boxd.it/6YK
2023-04-17,Lamb,2021,https://boxd.it/tFwE
2023-04-17,Saving Private Ryan,1998,https://boxd.it/29ro
2023-04-17,Lost in Translation,2003,https://boxd.it/2b0E
2023-04-17,Happy Together,1997,https://boxd.it/1Ha0
2023-04-17,Mary and Max,2009,https://boxd.it/1y2m
2023-04-17,Chinatown,1974,https://boxd.it/29vU
2023-04-17,Ikiru,1952,https://boxd.it/251c
2023-04-17,The Green Mile,1999,https://boxd.it/2agG
2023-04-17,Seven Samurai,1954,https://boxd.it/2axi
2023-04-17,Gran Torino,2008,https://boxd.it/1Qzy
2023-04-17,The Mule,2018,https://boxd.it/idcY
2023-04-17,Stay,2005,https://boxd.it/20BE
2023-04-17,Black Swan,2010,https://boxd.it/Sw0
2023-04-18,La La Land,2016,https://boxd.it/a5fa
2023-04-20,Don't Look Up,2021,https://boxd.it/o0Hc
2023-04-22,"The Good, the Bad and the Ugly",1966,https://boxd.it/2ape
2023-04-22,Gone Girl,2014,https://boxd.it/6hQu
2023-04-22,Paprika,2006,https://boxd.it/23wW
2023-04-23,Enemy,2013,https://boxd.it/5xtO
2023-04-24,Ghost in the Shell,1995,https://boxd.it/1YYc
2023-04-24,Akira,1988,https://boxd.it/2b1i
2023-04-24,The Man Who Fell to Earth,1976,https://boxd.it/298w
2023-04-24,Ex Machina,2015,https://boxd.it/7T2k
2023-04-24,A.I. Artificial Intelligence,2001,https://boxd.it/29Ve
2023-04-25,Us,2019,https://boxd.it/gnV6
2023-04-25,Beau Is Afraid,2023,https://boxd.it/u2gE
2023-04-28,The Intouchables,2011,https://boxd.it/2FT0
2023-04-28,The Shawshank Redemption,1994,https://boxd.it/2aHi
2023-04-28,Zodiac,2007,https://boxd.it/27MO
2023-04-28,The Notebook,2004,https://boxd.it/1UNE
2023-04-28,Pet Sematary,2019,https://boxd.it/4W0q
2023-05-02,Ready or Not,2019,https://boxd.it/kOf0
2023-05-04,Magnetic Rose,1995,https://boxd.it/DEsQ
2023-05-07,The Cabin in the Woods,2011,https://boxd.it/1zOc
2023-05-08,Léon: The Professional,1994,https://boxd.it/2b8S
2023-05-09,Band of Brothers,2001,https://boxd.it/aRNY
2023-05-12,Battle Royale,2000,https://boxd.it/25zS
2023-05-13,Django Unchained,2012,https://boxd.it/2cCk
2023-05-19,Videodrome,1983,https://boxd.it/29uC
2023-06-02,Mishima: A Life in Four Chapters,1985,https://boxd.it/1sBA
2023-06-04,Throne of Blood,1957,https://boxd.it/251w
2023-06-08,Donnie Darko,2001,https://boxd.it/2b2A
2023-06-09,Spider-Man: Beyond the Spider-Verse,,https://boxd.it/ykgU
2023-06-11,Sin City,2005,https://boxd.it/2aVk
2023-06-11,Insidious,2010,https://boxd.it/H4k
2023-06-11,TÁR,2022,https://boxd.it/uNIA
2023-06-12,The Irishman,2019,https://boxd.it/dYOq
2023-06-12,The Eight Mountains,2022,https://boxd.it/ufRe
2023-06-13,Uncut Gems,2019,https://boxd.it/gXGc
2023-06-13,It Comes at Night,2017,https://boxd.it/eLuk
2023-06-13,Come and See,1985,https://boxd.it/1w9q
2023-06-14,The Green Knight,2021,https://boxd.it/kuy2
2023-06-14,Escape from Alcatraz,1979,https://boxd.it/1Vwk
2023-06-14,Sorry to Bother You,2018,https://boxd.it/f21E
2023-06-15,Bohemian Rhapsody,2018,https://boxd.it/f1TK
2023-06-21,Harakiri,1962,https://boxd.it/1NTU
2023-06-25,Siouxsie & The Banshees — Nocturne,1983,https://boxd.it/2CIo
2023-07-02,Black Mirror: Beyond the Sea,2023,https://boxd.it/H7QI
2023-07-02,The Nice Guys,2016,https://boxd.it/94Hg
2023-07-02,Dune,1984,https://boxd.it/29tY
2023-07-02,mother!,2017,https://boxd.it/dgRU
2023-07-05,"Three Billboards Outside Ebbing, Missouri",2017,https://boxd.it/ceBS
2023-07-08,Robot Monster,1953,https://boxd.it/UHk
2023-07-10,The Cabinet of Dr. Caligari,1920,https://boxd.it/2aOo
2023-07-12,Taste of Cherry,1997,https://boxd.it/1m8W
2023-07-13,The Darjeeling Limited,2007,https://boxd.it/24as
2023-07-13,Edward Scissorhands,1990,https://boxd.it/2aZc
2023-07-14,The Last Voyage of the Demeter,2023,https://boxd.it/nzTq
2023-07-14,My Dinner with Andre,1981,https://boxd.it/1vLe
2023-07-15,The Killer,2023,https://boxd.it/u6WE
2023-07-15,Uncle Boonmee Who Can Recall His Past Lives,2010,https://boxd.it/168Q
2023-07-17,The Garfield Movie,2024,https://boxd.it/s93y
2023-07-17,Yojimbo,1961,https://boxd.it/1SRY
2023-07-17,Past Lives,2023,https://boxd.it/oNB8
2023-07-17,Mystery Train,1989,https://boxd.it/1Ub6
2023-07-17,The Witch,2015,https://boxd.it/9X0m
2023-07-21,Airplane!,1980,https://boxd.it/29yu
2023-07-23,Total Recall,1990,https://boxd.it/29qK
2023-07-24,The Wandering Earth II,2023,https://boxd.it/vMIc
2023-07-24,The Great Gatsby,2013,https://boxd.it/JY
2023-07-24,Equilibrium,2002,https://boxd.it/211s
2023-07-24,The Place Beyond the Pines,2012,https://boxd.it/3mDu
2023-07-24,Blue Valentine,2010,https://boxd.it/MxG
2023-07-24,PlayTime,1967,https://boxd.it/1WLK
2023-07-25,Grave of the Fireflies,1988,https://boxd.it/1RUM
2023-08-02,Maestro,2023,https://boxd.it/j0DE
2023-08-02,Ferrari,2023,https://boxd.it/cEtq
2023-08-02,The Color Purple,2023,https://boxd.it/ksja
2023-08-02,The Imitation Game,2014,https://boxd.it/6aig
2023-08-02,Spaceballs,1987,https://boxd.it/29cy
2023-08-05,Pi,1998,https://boxd.it/2ajq
2023-08-06,Ford v Ferrari,2019,https://boxd.it/ce74
2023-08-06,The Last Temptation of Christ,1988,https://boxd.it/1ULe
2023-08-07,Once Upon a Time... in Hollywood,2019,https://boxd.it/gH0O
2023-08-07,Unforgiven,1992,https://boxd.it/6Z4
2023-08-13,Magnolia,1999,https://boxd.it/2aze
2023-08-13,The Hunt,2020,https://boxd.it/iE9i
2023-08-14,Good Time,2017,https://boxd.it/fcFu
2023-08-16,Foe,2023,https://boxd.it/sy7U
2023-08-16,The Beasts,2022,https://boxd.it/w1L6
2023-08-16,The Conjuring,2013,https://boxd.it/4sr2
2023-08-16,Untitled Jordan Peele Film,2026,https://boxd.it/FHH4
2023-08-16,Willy's Wonderland,2021,https://boxd.it/nTcG
2023-08-18,Scott Pilgrim vs. the World,2010,https://boxd.it/1Aq6
2023-08-18,Chronicle,2012,https://boxd.it/2Emk
2023-08-20,Sympathy for Mr. Vengeance,2002,https://boxd.it/23WU
2023-08-23,Samurai Cop,1991,https://boxd.it/3Na
2023-08-25,Another Round,2020,https://boxd.it/lkba
2023-08-27,Flight,2012,https://boxd.it/35Ca
2023-08-28,Dead Man,1995,https://boxd.it/29h4
2023-09-01,My Father's Secrets,2022,https://boxd.it/zJRS
2023-09-02,Sound of Freedom,2023,https://boxd.it/piEi
2023-09-02,Ran,1985,https://boxd.it/1Tlu
2023-09-03,A Ghost Story,2017,https://boxd.it/fb0K
2023-09-04,Fail Safe,1964,https://boxd.it/2afS
2023-09-04,Jerry & Marge Go Large,2022,https://boxd.it/vPf8
2023-09-05,The Quiet Girl,2022,https://boxd.it/yvgm
2023-09-06,Vivarium,2019,https://boxd.it/gmVE
2023-09-07,Signs,2002,https://boxd.it/26t2
2023-09-08,Lake Mungo,2008,https://boxd.it/1rWM
2023-09-08,Portrait of a Lady on Fire,2019,https://boxd.it/jkPq
2023-09-09,Bottoms,2023,https://boxd.it/uGf2
2023-09-10,A Haunting in Venice,2023,https://boxd.it/zGdg
2023-09-11,Bodies Bodies Bodies,2022,https://boxd.it/iRcE
2023-09-11,When Harry Met Sally...,1989,https://boxd.it/29W2
2023-09-11,A Few Good Men,1992,https://boxd.it/29nw
2023-09-14,Manchester by the Sea,2016,https://boxd.it/b2L0
2023-09-14,Coraline,2009,https://boxd.it/1NhQ
2023-09-14,Hellraiser,1987,https://boxd.it/1Zpi
2023-09-14,Twelve Monkeys,1995,https://boxd.it/2beQ
2023-09-14,Minority Report,2002,https://boxd.it/2aWi
2023-09-14,Schindler's List,1993,https://boxd.it/2aq2
2023-09-15,Saint Omer,2022,https://boxd.it/yShC
2023-09-15,8½,1963,https://boxd.it/2aqm
2023-09-15,Meet Joe Black,1998,https://boxd.it/2aEI
2023-09-15,It's Such a Beautiful Day,2012,https://boxd.it/hCY2
2023-09-16,The Departed,2006,https://boxd.it/28MA
2023-09-18,Master and Commander: The Far Side of the World,2003,https://boxd.it/200S
2023-09-19,"20,000 Species of Bees",2023,https://boxd.it/DRPy
2023-09-19,TRIGUN,1998,https://boxd.it/px2y
2023-09-19,Vampire Hunter D: Bloodlust,2000,https://boxd.it/1L3i
2023-09-20,Shoah,1985,https://boxd.it/XSK
2023-09-24,Incendies,2010,https://boxd.it/Msm
2023-09-30,A Bronx Tale,1993,https://boxd.it/28uQ
2023-09-30,The Invention of Lying,2009,https://boxd.it/1zGs
2023-10-01,Unicorn Wars,2022,https://boxd.it/lBma
2023-10-01,Independence Day,1996,https://boxd.it/2a1w
2023-10-05,A Year of the Quiet Sun,1984,https://boxd.it/XKQ
2023-10-15,Tokyo Story,1953,https://boxd.it/1HuY
2023-10-16,Gummo,1997,https://boxd.it/1H0Y
2023-10-24,Sweeney Todd: The Demon Barber of Fleet Street,2007,https://boxd.it/1PcS
2023-10-24,Nostalgia,1983,https://boxd.it/28Qi
2023-10-26,Inland Empire,2006,https://boxd.it/28d6
2023-10-26,Twin Peaks,1989,https://boxd.it/g8pk
2023-10-27,The Color of Pomegranates,1969,https://boxd.it/1u94
2023-10-29,Aftersun,2022,https://boxd.it/Arw0
2023-10-29,12 Years a Slave,2013,https://boxd.it/2D2e
2023-10-31,Blue Velvet,1986,https://boxd.it/29BI
2023-11-01,Moonrise Kingdom,2012,https://boxd.it/2Wng
2023-11-01,After Hours,1985,https://boxd.it/1VfS
2023-11-01,Once Upon a Time in America,1984,https://boxd.it/2aCs
2023-11-01,One Flew Over the Cuckoo's Nest,1975,https://boxd.it/2aeA
2023-11-02,Psycho,1960,https://boxd.it/2ab2
2023-11-02,Vertigo,1958,https://boxd.it/2apI
2023-11-02,Nosferatu,1922,https://boxd.it/29TM
2023-11-02,Metropolis,1927,https://boxd.it/71a
2023-11-04,Before Sunrise,1995,https://boxd.it/2bcU
2023-11-04,Eyes Without a Face,1960,https://boxd.it/1j9i
2023-11-04,Life Is Beautiful,1997,https://boxd.it/29Wm
2023-11-05,Scream,1996,https://boxd.it/24EC
2023-11-08,The Elephant Man,1980,https://boxd.it/27LQ
2023-11-09,"Comrades, Almost a Love Story",1996,https://boxd.it/18QU
2023-11-09,Band of Outsiders,1964,https://boxd.it/20Aw
2023-11-19,mid90s,2018,https://boxd.it/fxIa
2023-11-19,On the Silver Globe,1988,https://boxd.it/1sAM
2023-11-28,Phantom of the Paradise,1974,https://boxd.it/1s34
2023-11-28,"Lost, Lost, Lost",1976,https://boxd.it/4I1O
2023-12-06,Batman: Under the Red Hood,2010,https://boxd.it/11eE
2023-12-10,Kingdom of Heaven,2005,https://boxd.it/28Gs
2023-12-10,Grease,1978,https://boxd.it/29YW
2023-12-11,Wild Strawberries,1957,https://boxd.it/29ZU
2023-12-11,Pink Flamingos,1972,https://boxd.it/29NO
2023-12-11,Breathless,1960,https://boxd.it/2aIK
2023-12-11,Don't Look Now... We're Being Shot At!,1966,https://boxd.it/20oq
2023-12-11,Love,2015,https://boxd.it/9brE
2023-12-11,Climax,2018,https://boxd.it/ikvo
2023-12-11,Persona,1966,https://boxd.it/29B4
2023-12-12,Winter Light,1963,https://boxd.it/1nrU
2023-12-13,The Face of Another,1966,https://boxd.it/1nso
2023-12-15,Andrei Rublev,1966,https://boxd.it/29lg
2023-12-19,The Tree and the Cat,1983,https://boxd.it/fC7S
2023-12-20,A Special Day,1977,https://boxd.it/Xqc
2023-12-24,Shin Godzilla,2016,https://boxd.it/a9lm
2023-12-25,Priscilla,2023,https://boxd.it/Cz3k
2024-01-05,Triangle,2009,https://boxd.it/1tQG
2024-01-18,How to Have Sex,2023,https://boxd.it/EFIM
2024-01-22,Robot Dreams,2023,https://boxd.it/vBZm
2024-01-24,May December,2023,https://boxd.it/vEE2
2024-01-25,Le Notti Bianche,1957,https://boxd.it/V0G
2024-01-28,PLUTO,2023,https://boxd.it/Jo62
2024-02-08,All of Us Strangers,2023,https://boxd.it/Bz3C
2024-02-09,Métisse,1993,https://boxd.it/Kyi
2024-02-10,Les Misérables,2012,https://boxd.it/2TT4
2024-02-10,Coffee and Cigarettes,2003,https://boxd.it/29nc
2024-02-22,"Toonces, the Cat Who Could Drive a Car",1992,https://boxd.it/bVBu
2024-02-27,The Fire Within,1963,https://boxd.it/26AM
2024-02-28,Mirror,1975,https://boxd.it/28Q8
2024-03-06,Dark City,1998,https://boxd.it/26uk
2024-03-13,Ashes and Diamonds,1958,https://boxd.it/23q0
2024-03-20,Primal Fear,1996,https://boxd.it/28ws
2024-03-26,A Short Film About Killing,1988,https://boxd.it/1VtK
2024-03-30,Dangerous Men,2022,https://boxd.it/CWVO
2024-03-31,All About Lily Chou-Chou,2001,https://boxd.it/1JP0
2024-04-03,The Mother and the Whore,1973,https://boxd.it/HQe
2024-04-03,Civil War,2024,https://boxd.it/z1jW
2024-04-05,Close,2022,https://boxd.it/y4qa
2024-04-20,Paths of Glory,1957,https://boxd.it/29b6
2024-04-20,The Hourglass Sanatorium,1973,https://boxd.it/OUW
2024-04-21,"Paris, Texas",1984,https://boxd.it/29Ts
2024-04-21,Wings of Desire,1987,https://boxd.it/2b26
2024-05-19,Baby Reindeer,2024,https://boxd.it/MwSa
2024-05-25,There's Still Tomorrow,2023,https://boxd.it/COrw
2024-05-30,The Hateful Eight,2015,https://boxd.it/8gw8
2024-06-20,Hidden Figures,2016,https://boxd.it/dgS4
2024-06-21,The Peanut Butter Falcon,2019,https://boxd.it/gzu2
2024-06-22,House of Hummingbird,2018,https://boxd.it/jZ8C
2024-06-23,Cinema Paradiso,1988,https://boxd.it/1UlA
2024-06-27,50/50,2011,https://boxd.it/10Tw
2024-06-29,Call Me by Your Name,2017,https://boxd.it/dYmm
2024-06-30,Kinds of Kindness,2024,https://boxd.it/CWPw
2024-07-02,A Quiet Place,2018,https://boxd.it/fVJQ
2024-07-04,Christine,1983,https://boxd.it/1ZRQ
2024-07-12,Bones and All,2022,https://boxd.it/tLd4
2024-07-14,End of Watch,2012,https://boxd.it/2F5O
2024-07-16,Regular Lovers,2005,https://boxd.it/QhM
2024-07-17,A Cure for Wellness,2016,https://boxd.it/bkQW
2024-07-25,Atonement,2007,https://boxd.it/24ui
2024-08-14,Tatami,2023,https://boxd.it/F0qE
2024-08-17,Mind Game,2004,https://boxd.it/1Bv2
2024-08-31,The Big Short,2015,https://boxd.it/ajZw
2024-09-04,The Wages of Fear,1953,https://boxd.it/2aSK
2024-09-14,Onibaba,1964,https://boxd.it/252a
2024-09-16,Rebel Without a Cause,1955,https://boxd.it/2aQu
2024-09-23,Being John Malkovich,1999,https://boxd.it/2ahu
2024-09-24,Rain Man,1988,https://boxd.it/2avw
2024-09-25,Barry Lyndon,1975,https://boxd.it/25A2
2024-09-27,The Taste of Things,2023,https://boxd.it/Arke
2024-10-05,Pulse,2001,https://boxd.it/1s3y
2024-10-05,The Penguin,2024,https://boxd.it/QkIU
2024-10-05,Don't Breathe,2016,https://boxd.it/9yzw
2024-10-06,Rear Window,1954,https://boxd.it/2a6Q
2024-10-11,Stalker,1979,https://boxd.it/28PO
2024-10-14,Mulholland Drive,2001,https://boxd.it/297o
2024-10-14,The Wild Robot,2024,https://boxd.it/IWFy
2024-10-14,Frankenhooker,1990,https://boxd.it/1saE
2024-10-20,Smile 2,2024,https://boxd.it/FDA4
2024-10-22,What We Do in the Shadows,2014,https://boxd.it/7eQy
2024-10-24,13: Game of Death,2006,https://boxd.it/1Qbw
2024-10-26,Night on Earth,1991,https://boxd.it/2ayq
2024-10-27,The Butterfly Effect,2004,https://boxd.it/27M0
2024-10-28,A Single Man,2009,https://boxd.it/1dx4
2024-10-28,Lady Snowblood,1973,https://boxd.it/26Fi
2024-11-02,Fallen Leaves,2023,https://boxd.it/Bgew
